Ano,Precipitation (mm/day),Atmospheric Pressure(mB),Global Radiation - Daylight (Kj/m²),Air Temperature - Dry Bulb (°C),Dew Point Temperature (°C),Air Relative Humidity (%),Wind Gust (m/s)
2014,13.565054688064787,948.952159300924,1092.1047000343112,22.39694911283934,19.115910725053556,83.44406602188603,4.091371966691832
2015,13.574440713926212,949.0082435729056,1112.0637127669224,22.42345458038369,19.017059008576695,82.91423299292471,4.1218485167847145
2016,13.373176543517143,948.9771136415175,1153.4303675273993,22.490255275192983,18.907433028715086,81.94288662309013,4.149759100154369
2017,13.874302415051094,948.9905028761342,1103.0615473573396,22.557982627556225,18.97376062707763,81.889311970151,4.0646846591829275
2018,14.56264821625276,948.9457028159951,1028.2898480197389,22.636851165595314,19.105216201601362,82.22871142096939,3.916526646854488
2019,14.52269077120917,948.8406020186308,909.7055348416952,22.659926715126357,19.150213332963094,82.34711545882534,3.6419423808146596
2020,15.16397946642143,948.6803943768718,670.0471840303259,22.66834657575976,19.183621886418035,82.45379474270385,3.3169128022237224
2021,15.45492480071314,948.6097356725728,482.73940283760084,22.604381488996157,19.202434140872572,82.82572086685207,3.094794490624569
2022,15.301027166310469,948.6255624348541,426.60387310515995,22.508497602550207,19.157763587439565,83.0449082887324,3.0231636859556072
