Ano,Precipitation (mm/day),Atmospheric Pressure(mB),Global Radiation - Daylight (Kj/m²),Air Temperature - Dry Bulb (°C),Dew Point Temperature (°C),Air Relative Humidity (%),Wind Gust (m/s),Year
2014,13.977727641058408,948.937019803402,1069.4469805288759,22.213563606751844,18.880719960107708,82.87162317390093,3.9903108334087745,2014.0
2015,12.709761112445388,949.1935265673746,1043.134029062544,22.633072542072657,19.04060930538359,82.30804696892714,4.02385659403215,2015.0
2016,13.490429166369358,949.1829669880914,1087.1660327458815,22.475216405357674,18.87382647348549,82.08184630055631,4.193990904512193,2016.0
2017,13.359404425822092,948.925929850022,1284.5321948949902,22.418319455676023,18.835547320186585,81.73658417983833,4.2006146728828515,2017.0
2018,13.14129843216384,948.9610504218335,999.8740199522907,22.71482260787914,18.878560410952122,80.68354897953834,4.044092510674951,2018.0
2019,15.799273721090465,948.9667702422026,978.2873394874682,22.62736907072326,19.328640361679458,83.36396849980798,3.7495328927079643,2019.0
2020,15.195914805618958,948.7236906494032,828.6152674046836,22.767591922680747,19.274597692749744,82.4609361767602,3.5417296066445663,2020.0
2021,14.385302325528507,948.5598023367565,399.26905527669163,22.753721294806343,19.148905858695187,81.91693539694843,2.852092586216338,2021.0
2022,17.108798943748976,948.4621636497394,264.25116596950653,22.368491454941974,19.28594490905849,84.23463435527468,2.6523240442964986,2021.9208440184723
