Ano,Rio Grande Do Norte - Produção de Cimento (t)
2008,443.2207300390665
2009,467.7944111544653
2010,615.4331240918439
2011,928.2963923599307
2012,1212.359181680702
2013,1332.8479384544823
2014,1327.285780552868
2015,1263.4909123434973
2016,1117.7458017571842
2017,983.8617058833835
2018,928.3414557372428
2019,997.2281100691325
2020,1101.9957880038237
2021,1127.0143626617585
2022,1137.2935959957485
