Ano,Precipitation (mm/day),Atmospheric Pressure(mB),Global Radiation - Daylight (Kj/m²),Air Temperature - Dry Bulb (°C),Dew Point Temperature (°C),Air Relative Humidity (%),Wind Gust (m/s),Year
2014,28.66627217998848,887.3988484474763,1501.4507616434114,21.390680589407634,13.407032996121243,64.89794156960632,2.2227895746652915,2014.0
2015,21.94498280614637,887.5248303992063,1476.9715472683774,21.860795536791972,13.77162100719981,65.31900226042544,2.274422893062846,2015.0
2016,27.39323502479445,887.8032796397878,1528.1929737671674,22.121357220838913,13.386815244208748,61.48237605919781,2.3070442759308594,2016.0
2017,27.046175701200326,887.6744223593313,1514.9496789188963,21.492319853483306,12.93474219871191,62.333829389921526,2.423947032561676,2017.0
2018,29.65266405008372,887.6421006828318,1485.040733874406,21.325516801153217,13.715065762767013,65.59531382699407,2.219927468975131,2018.0
2019,31.009540515863023,887.791035063834,1496.4471081133115,21.85394925855405,13.948197851820716,65.17380577758674,2.1922006242471523,2019.0
2020,31.484209135864155,887.6325210423817,1474.9956096581866,21.379952814308666,13.888247447473729,66.69242499332762,2.2294540052486425,2020.0
2021,37.09299442121386,887.2688258253274,1508.968075501651,21.239875324137735,13.434526054278221,65.3658699164118,2.132212246544638,2021.0
2022,36.16237952390989,887.1562102851536,1496.4069493210736,21.259843130892893,12.920545060454579,63.10611926413915,2.2379266150938286,2021.9208440184723
