Ano,Bahia - PIB - Estadual,Bahia - PIB - Construção Civil,Bahia - PIB - Per Capita,Bahia - PIB - Preços de Mercado
2014,154397672.8275414,8508097.6977839,8.799996847811155,126107820.46385272
2015,155837365.7879423,8390263.358097244,8.806885485835783,126174272.65888977
2016,156553462.1991237,8301516.357913042,8.804783705377156,126056628.42358169
2017,156691887.7755935,8249496.249909755,8.807486594148811,125960603.22965151
2018,156328653.63921773,8235327.4257883495,8.809150352036553,125793486.69812413
2019,155149837.28878814,8243898.160123884,8.785944653133907,125461659.17303301
2020,153364686.05843967,8267781.361259838,8.765136175168848,125130290.8347574
2021,150662983.09875217,8324427.436770635,8.746212433578226,124808157.32688881
2022,147382161.26929915,8390698.717493225,8.722775500163868,124397646.90229145
