Ano,Distrito Federal - PIB - Estadual,Distrito Federal - PIB - Construção Civil,Distrito Federal - PIB - Per Capita,Distrito Federal - PIB - Preços de Mercado
2014,139269245.1539519,3476697.6680569304,43.88367040889595,113558730.43599047
2015,140716415.89201343,3438025.0826198366,43.849398420687805,113703063.10790682
2016,141622933.32009846,3431105.5032185623,43.82855763714359,113758495.26670553
2017,141735097.28149042,3426736.2023834586,43.80254589539537,113655813.70873271
2018,141316093.49791422,3449895.3563211462,43.794488753144044,113450057.79229607
2019,140239130.38715172,3471857.408616907,43.727940377181746,113149571.97076961
2020,138170308.2823351,3499967.1886679092,43.624600939867875,112607313.32176973
2021,135737143.37702507,3512241.123256957,43.68742113415946,112328623.01762977
2022,132793918.27266903,3525212.5369577273,43.7634032268511,111974021.59133136
