Ano,Taxa Selic (%)
2014,10.350441947934849
2015,12.454397626561702
2016,13.111907772469477
2017,9.479811697946742
2018,6.239827995338425
2019,5.780756476062364
2020,2.7295124084515754
2021,4.35045636240659
2022,11.662816969174893
2023,6.094484133201357
