Ano,Precipitation (mm/day),Atmospheric Pressure(mB),Global Radiation - Daylight (Kj/m²),Air Temperature - Dry Bulb (°C),Dew Point Temperature (°C),Air Relative Humidity (%),Wind Gust (m/s),Year
2014,19.598577049162095,1009.4288188559677,1439.6486595787946,25.536781458589015,21.682910089182,79.89028561975844,1.596769805011311,2014.0
2015,14.500039661072716,1009.3845568762705,1412.59225706277,25.901569686421947,21.31432879953296,76.63729099322735,1.563344415144118,2015.0
2016,16.26933608073047,1009.5057534700836,1494.130501030426,26.210663799362276,21.088150383158624,74.17592992666611,1.4878621197235828,2016.0
2017,21.081327973776784,1009.4292851710082,1450.247848174592,25.659142915690705,20.849472655596223,75.48315282865003,1.5487798622415847,2017.0
2018,21.183460439249526,1009.12017613977,1458.5385288609048,25.877409192595902,21.15165170120971,75.93264128110228,1.4199121582556247,2018.0
2019,26.26755561626598,1009.0444587227767,1442.6400426341395,26.194004478711307,21.688234594867094,76.95250501202426,1.3709105839464888,2019.0
2020,25.55216038593422,1008.8562668645545,1363.2541422795687,25.867295597372372,21.841821451463446,79.16907221861949,1.4485551445146463,2020.0
2021,25.548332203897097,1008.7215498447931,1342.0114833655425,25.631871982707064,21.545206149477746,78.79310493593908,1.3368658780902534,2021.0
2022,23.189272598748907,1008.6358219279642,1330.536985236345,25.468138117965353,21.533858208537396,79.45150828240735,1.3135181968656724,2021.9208440184723
