Ano,Precipitation (mm/day),Atmospheric Pressure(mB),Global Radiation - Daylight (Kj/m²),Air Temperature - Dry Bulb (°C),Dew Point Temperature (°C),Air Relative Humidity (%),Wind Gust (m/s),Year
2014,28.074370048824512,932.5378185571627,1433.328736355795,23.651967487797943,15.547717581738366,65.35289692448032,1.203419677358607,2014.0
2015,25.053355652775462,932.5647684058812,1406.1016218129544,24.219835020367327,15.8710836300115,64.7643453879738,1.2178520082000563,2015.0
2016,22.302102076511233,932.6141515974597,1441.570648576295,24.222414482573395,15.332115924349205,62.362456788742016,1.2439894426957345,2016.0
2017,30.54800034152024,932.4964712703731,1450.1617316629047,23.832771143396556,14.706668387551266,62.029685200194244,1.2696556593103405,2017.0
2018,25.427239374199978,932.4866252383758,1408.9459524159122,23.68081373800972,15.359936476936559,64.34609514937493,1.1150410134205238,2018.0
2019,26.89178326352482,932.5631504640318,1416.3231583376366,24.248306703917862,15.359573705374224,62.84444193419247,1.0745394306479854,2019.0
2020,28.201225656292145,932.4061281793134,1422.6707319978602,23.99015217659914,14.891776696424536,62.3898101879081,1.0535637491827103,2020.0
2021,28.57788339893773,932.1062204119568,1405.2075801237634,23.74469389451509,14.752924199979589,62.537193983480456,0.9598556656992808,2021.0
2022,20.86823799566509,931.9877707255135,1420.4887861983325,23.702646647889893,14.246700259753219,60.86354911991831,1.0045370161000278,2021.9208440184723
