Ano,Rio Grande do Norte - IDH Renda
2008,0.6675119234198932
2009,0.6695608794685486
2010,0.6712691732877103
2011,0.6726470642606477
2012,0.6733841212121212
2013,0.6746661313131314
2014,0.6750549755892257
2015,0.6749762235549944
2016,0.683189222879043
2017,0.6828427885953197
2018,0.6838284966494397
2019,0.6836310872539341
2020,0.6827793679133827
2021,0.6816684013600538
2022,0.6807291651200587
