Ano,Rondônia - IDH Renda
2008,0.6931743754526732
2009,0.6931092048360613
2010,0.6930632059752508
2011,0.6930362433805363
2012,0.6929949898989899
2013,0.6930779057239057
2014,0.6930010645342312
2015,0.6931678199120838
2016,0.6931128890972009
2017,0.6937595153787647
2018,0.6938285622313796
2019,0.6923584315251414
2020,0.691209198027427
2021,0.6900463978481022
2022,0.6912324340161115
