Ano,Pernambuco - IDH Renda
2014,0.6676488237654321
2015,0.6651195590792182
2016,0.6662767637602882
2017,0.6653019241021325
2018,0.6647839172023264
2019,0.6644006369479925
2020,0.6629825130341735
2021,0.6626172869463711
2022,0.6640370403051321
