Ano,Paraíba - IDH Renda
2014,0.6525523076692855
2015,0.6510149999750592
2016,0.6607055230191932
2017,0.6604969342027561
2018,0.6585421100393702
2019,0.657318665497495
2020,0.6559839987245399
2021,0.6552552713358618
2022,0.6554602960027581
