Ano,Minas Gerais - IDH Renda
2014,0.736117417265245
2015,0.7358772020373486
2016,0.7300900031423949
2017,0.7305527307007942
2018,0.730512069855412
2019,0.730285894387722
2020,0.7299482484229696
2021,0.7300344528250577
2022,0.7311284939909721
