Ano,Ceará - IDH Renda
2014,0.6519942449027311
2015,0.6516604319779588
2016,0.6611753167636665
2017,0.661645800105818
2018,0.6612499637518015
2019,0.6608181422746925
2020,0.6593470642996645
2021,0.6571058883269068
2022,0.6570246054475346
