Ano,Acre
2014,0.7111147966540403
2015,0.7202554274506429
2016,0.7204604663097921
2017,0.7202295996106823
2018,0.7209777450298354
2019,0.7198848127598203
2020,0.7181470684652584
2021,0.715614983780282
2022,0.7161254368512167
