Ano,Distrito Federal - Consumo de Cimento (t)
2014,979.9988571428571
2015,811.1946857142857
2016,638.8184571428571
2017,584.646
2018,571.13
2019,637.028
2020,662.625
2021,789.947
2022,786.865
