Ano,Rio De eiro-01 - Consumo de Cimento (t)
2014,4454.468
2015,3639.0719999999997
2016,2811.6479999999997
2017,2284.918
2018,2391.212
2019,2715.843
2020,2935.607
2021,2829.682
2022,2682.995
