Ano,Paraná - PIB - Estadual,Paraná - PIB - Construção Civil,Paraná - PIB - Per Capita,Paraná - PIB - Preços de Mercado
2014,238653190.16595814,11152832.399210567,18.028051741470804,192477161.4292595
2015,241011146.07196587,11076859.551921524,18.0312699680029,192664815.58610743
2016,242434056.06099683,11013167.719868604,18.026716840513647,192691425.03747395
2017,242809992.2166834,10974425.088010183,18.022550246539215,192640575.23885068
2018,242335525.50877902,10978903.989619972,18.011593552422294,192427262.4027033
2019,240818538.91835043,10996421.914401019,17.986196805359967,192080819.62925968
2020,237872206.13995412,11020143.054357521,17.94401617163399,191446092.14180797
2021,233375613.03983587,11010481.766881905,17.909608480519122,190748351.90272447
2022,227930596.31416127,11006284.762307987,17.86592287055209,189871510.3422959
