Ano,Precipitation (mm/day),Atmospheric Pressure(mB),Global Radiation - Daylight (Kj/m²),Air Temperature - Dry Bulb (°C),Dew Point Temperature (°C),Air Relative Humidity (%),Wind Gust (m/s),Year
2014,19.556139566319953,1003.1711869835373,1341.0048714667869,27.914938742108863,20.292502825016847,67.1994932001742,1.2600204947000446,2014.0
2015,17.047137984090156,1003.050992197751,1236.7629699055553,28.126267791874437,19.984112020290056,65.96881502143746,1.2658870105314375,2015.0
2016,19.735623257170463,1002.9101149821562,1215.5763110088692,28.539275011178372,19.714330994582017,63.347247223473914,1.3058729938004021,2016.0
2017,25.544233228120106,1002.732322312177,1207.960281931166,27.975080808012375,20.077479117808853,65.76013825964527,1.2699188965359747,2017.0
2018,27.5489537927847,1002.9769046504051,1187.3719073364014,28.040637236898664,20.976959190112378,67.54151294486493,1.1710438305301365,2018.0
2019,22.21252052089622,1003.115998776792,1191.968990002442,27.848849986829034,20.745289856416424,68.72879787935777,1.1838044590820331,2019.0
2020,12.35566147767467,1002.8225916649343,1402.4549776649128,29.261731656978004,20.19570277761025,62.11656759136611,1.3328838316622087,2020.0
2021,31.011561507192624,1002.6742933869863,1210.2194971412353,27.880236746805434,20.862418885162178,69.18967385969098,1.1056390380507681,2021.0
2022,30.25751275656923,1002.6655118031327,1101.1603817116438,27.422588610034452,20.70165531334094,70.35597023003092,1.1025112257571252,2021.9208440184723
