Ano,Amapá - PIB - Estadual,Amapá - PIB - Construção Civil,Amapá - PIB - Per Capita,Amapá - PIB - Preços de Mercado
2014,9501299.284934236,364732.7000674354,10.85966829931476,7367809.248788319
2015,9586010.685773414,358753.4630356614,10.8306175539968,7371887.198942956
2016,9648784.661339587,350101.3945154484,10.81678219047627,7379300.950100349
2017,9684545.547455821,347692.74563246005,10.82059790496879,7391484.554432322
2018,9674264.62844664,348410.3461540085,10.816868155197108,7388254.743880454
2019,9603864.821157243,349107.3598288092,10.8083447300147,7367392.524758721
2020,9484615.33125523,351761.772055464,10.805525194414141,7338462.789064301
2021,9300676.138871573,353376.47473531554,10.82624886934343,7304033.335286213
2022,9078023.510383513,354954.18258643226,10.84903280047721,7260038.69264673
