Ano,Precipitation (mm/day),Atmospheric Pressure(mB),Global Radiation - Daylight (Kj/m²),Air Temperature - Dry Bulb (°C),Dew Point Temperature (°C),Air Relative Humidity (%),Wind Gust (m/s),Year
2014,22.47378880260643,1016.6773973942486,1455.1164753210205,24.241808539877088,19.29143552018981,75.91672420596413,1.799764956522754,2014.0
2015,18.925559990771294,1016.289950292518,1413.3266782288235,25.045465273758463,19.711904153201168,74.19839663307742,1.8494711488989808,2015.0
2016,20.1054151077131,1016.3888381621326,1395.8564150856346,24.858758858250365,19.687789895766286,74.89073545469066,1.7629909701209827,2016.0
2017,18.224114368776554,1016.9496425269641,1335.8068328570257,24.008845308116946,19.410322034132687,75.36897877150226,1.6862094465496547,2017.0
2018,21.43297214639699,1016.1903084142965,1298.847256771279,24.302170129299856,19.939610008724603,77.56666164515015,1.5615897685434919,2018.0
2019,24.49271216888218,1016.128293865216,1289.9833637908375,24.77560681128017,20.07667338924371,76.93911342453033,1.5620690565012392,2019.0
2020,16.69526749212085,1016.1982080754962,1366.9253291459036,25.04852091910666,19.492121040389154,73.10467600482325,1.6737232998645268,2020.0
2021,22.02857748691335,1015.9815212510085,1235.2704666669806,23.833383956377777,19.16480157014385,76.91799974381357,1.5218352175426924,2021.0
2022,15.57844394441144,1015.9489435299521,1137.4059453064551,23.99236633149158,18.823222076306486,74.84555647158446,1.5219086513073645,2021.9208440184723
