Ano,Precipitation (mm/day),Atmospheric Pressure(mB),Global Radiation - Daylight (Kj/m²),Air Temperature - Dry Bulb (°C),Dew Point Temperature (°C),Air Relative Humidity (%),Wind Gust (m/s)
2014,23.987188360274263,985.6949589433779,1230.9344732469397,26.457083128328467,21.16598393511536,76.0685711236518,1.6607112679849598
2015,28.288852899369537,986.021420876474,1278.252041100602,26.043362934000893,21.489384194528114,78.70449408596609,1.60321916201419
2016,31.329110494140423,985.9524891977954,1333.7995665025826,25.936105861331754,21.37618813293879,78.08799575708731,1.5510426759692921
2017,32.17395538404119,987.4150548827332,1385.2503878154782,26.527832322117774,21.280819481902352,74.80374599378776,1.421880849722352
2018,33.9814183805139,990.3004738164797,1358.1416015809546,27.126298413024855,21.73262759535395,74.09293517364996,1.1926351607228434
2019,36.963599992571744,991.7489793436052,1319.2035651385638,27.958920997720938,22.407137936004144,73.29748633959763,0.9586364782116054
2020,34.795058449797345,990.9434303626875,1329.2829519153127,29.233325319010806,22.62474566152646,69.06465196535642,0.7901336515957889
2021,31.75786191244248,990.2168091291131,1380.7547152032437,29.63369421110993,22.179791924818346,66.10095383020614,0.5805500848076596
2022,42.54279085228456,990.1751839073746,1380.8355090051975,29.449893309929806,22.06799251187861,66.49156730771108,0.5418322605768865
