Ano,Precipitation (mm/day),Atmospheric Pressure(mB),Global Radiation - Daylight (Kj/m²),Air Temperature - Dry Bulb (°C),Dew Point Temperature (°C),Air Relative Humidity (%),Wind Gust (m/s)
2014,28.49126096193838,1005.7053743430789,1452.2142679313567,27.001637808745446,23.27942840256441,81.03731228749422,1.9883403544460678
2015,29.08981756804296,1005.751405756534,1363.4123943791658,27.08552405041082,23.327394499510202,80.91878896753897,1.9530574341219271
2016,28.880429015180418,1005.7045864798903,1297.690355090187,27.029687774114347,23.289211806037688,81.02877701882477,1.8672177261309655
2017,27.96559428263874,1005.7965452509434,1279.4073469847267,26.893536146111597,23.25971659849426,81.51534530113686,1.7941040071487437
2018,27.34004390434412,1005.8494863431446,1408.7869274761608,26.81724620771089,23.337176842556985,82.23537231731565,1.7012779702145437
2019,26.700840252345742,1005.7167968212726,1523.3976337055253,26.85997846916284,23.38489282103386,82.27317384297413,1.691382690555381
2020,27.60733857966551,1005.562553631261,1497.0798927833566,26.790079013951196,23.352798803145657,82.42154823319787,1.721091321633149
2021,29.83675544200787,1005.4946307884098,1473.5366686368895,26.708086304750655,23.25145019259593,82.28613981113467,1.7372548664427576
2022,28.421501874289547,1005.4867749700189,1454.8530297351545,26.696056226842654,23.172582945429426,81.9558701860359,1.762952984736266
