Ano,Goiás - PIB - Estadual,Goiás - PIB - Construção Civil,Goiás - PIB - Per Capita,Goiás - PIB - Preços de Mercado
2014,110594235.09130923,5711943.895756988,14.23829501192009,87879155.56551099
2015,111511276.57923052,5628819.631850911,14.206629336994652,87848486.90689376
2016,112097730.33603002,5573900.728818152,14.184179020611912,87819493.69838423
2017,112322840.78529982,5555871.1312874025,14.177721010059235,87834115.09351136
2018,112075221.60243411,5557505.0708998,14.162196404779477,87721417.68860725
2019,111526220.46325718,5575030.932615519,14.16210930415441,87649067.75562468
2020,110308681.58839859,5582060.00918942,14.153729488000417,87430503.41471475
2021,108189695.30852777,5596944.836266091,14.151592107982822,87076190.64476842
2022,105619554.88813421,5612096.8916552495,14.145782857460524,86623413.74689457
