Ano,Precipitation (mm/day),Atmospheric Pressure(mB),Global Radiation - Daylight (Kj/m²),Air Temperature - Dry Bulb (°C),Dew Point Temperature (°C),Air Relative Humidity (%),Wind Gust (m/s)
2014,20.725056520209563,912.973266097411,1150.5629664192284,18.275455419613237,13.157698846744672,74.60501450799076,1.8514604513046058
2015,22.05477758281691,913.057534858811,1145.712486782312,18.177723815425598,13.346348495586156,75.1701498517818,1.905966051994757
2016,22.315526171988857,913.132267737537,1158.573327542951,18.115048160292464,13.261121513180967,74.0437776292027,1.93337515386137
2017,21.977949348660008,913.1656700850621,1160.9577906511652,18.281049595407417,13.470416262057775,73.54650695911475,1.8898555886434576
2018,21.569959577197654,913.1973763183191,1181.9965643207718,18.35016944572934,13.529500125146138,73.35610368908581,1.829790463183422
2019,21.479227969349534,913.1322685513311,1192.379390223383,18.27064499394955,13.605491049568966,72.53151825201277,1.82413766338974
2020,21.933567469278415,912.9722135882693,1166.1918535104658,18.118751490851967,13.563808330882521,69.48153431280704,1.7943143844853546
2021,21.975728745509674,912.8726468905771,1140.5441126684266,17.84688476491904,13.396376017845045,68.47368641520039,1.7783046753501566
2022,21.80304781700717,912.8609024077458,1136.860025657708,17.676136988233953,13.339455740981789,70.03804593871142,1.7980736626209897
