Ano,Precipitation (mm/day),Atmospheric Pressure(mB),Global Radiation - Daylight (Kj/m²),Air Temperature - Dry Bulb (°C),Dew Point Temperature (°C),Air Relative Humidity (%),Wind Gust (m/s)
2014,17.807272300491174,1009.2232547954687,1433.3358430613855,25.75728250439117,21.442183616366794,77.6960728791352,1.5602755538014257
2015,17.456440755546957,1009.3188436924496,1452.882864208402,25.895216022319676,21.25197287673167,76.26681191638498,1.5383227516604923
2016,19.032574154202624,1009.3119740732376,1455.4573034198509,25.838884786652955,21.111444933015303,75.88366520410109,1.523445360467
2017,20.78721674768406,1009.2485988157997,1454.646571708411,25.88221524089684,21.18273866706799,76.03049458095829,1.4796336734699933
2018,22.77572416902372,1009.1346426406227,1436.2693783934776,25.978126641853482,21.428941645839455,76.7411020684566,1.4420021477026053
2019,24.135440666631993,1009.0133806825679,1410.7200225440827,25.90539303388798,21.53746401897166,77.56341519475573,1.426307882873882
2020,24.524982998353533,1008.8486458361099,1381.2435451127621,25.786443167325203,21.572587743094378,78.24704071944721,1.384921935572305
2021,24.379329728293904,1008.7674611986063,1360.05239416381,25.667301473298398,21.562917631251707,78.71978339639789,1.3575311755624007
2022,23.57314033540118,1008.7975094749127,1361.2844570328182,25.593919890881818,21.500106071098415,78.75424771425257,1.3596496747365199
