Ano,Precipitation (mm/day),Atmospheric Pressure(mB),Global Radiation - Daylight (Kj/m²),Air Temperature - Dry Bulb (°C),Dew Point Temperature (°C),Air Relative Humidity (%),Wind Gust (m/s)
2014,19.852600796168552,1013.1598040205749,1654.4404070528744,25.78057562489542,20.81853964152268,75.11387554343146,1.5581180446371647
2015,18.352625934535286,1013.1875928859255,1731.5510834339518,25.90940923848522,21.06629858927279,75.72035824092644,1.5975792211410818
2016,16.82132713005803,1013.0813539537471,1774.9851870697282,25.897162930731827,21.31512515888479,76.9840868367151,1.6068122624530627
2017,16.755644898112852,1013.0252771623294,1768.623220454517,25.854366702247955,21.296658577863177,77.1291117418024,1.578862424748434
2018,17.55927397319819,1012.929728163689,1693.9128820665653,25.97380015542718,21.376613857620516,76.97728342370064,1.8989077308910483
2019,18.06998688201571,1012.775721366721,1612.605210409081,26.025630180985427,21.470427647193773,77.22650886416726,2.1550961240760533
2020,17.152619609928923,1012.6322767218738,1589.1335643282398,25.844734971348164,21.719348789825165,79.33298544861371,1.9746844916996158
2021,14.413006526815515,1012.2783874520356,1603.0934344152836,25.526054090696274,22.16776537046287,83.1474526609755,1.6715397311819673
2022,12.830100132795183,1011.9197541949767,1634.9499954681467,25.367655358212243,22.44149831075693,85.32908970658077,1.5470314330049135
