Ano,Ceará - PIB - Estadual,Ceará - PIB - Construção Civil,Ceará - PIB - Per Capita,Ceará - PIB - Preços de Mercado
2014,82753926.04703489,4756887.5437041335,7.821411445366453,66277040.04213741
2015,83401857.80895963,4705635.50194958,7.807859579697803,66215176.23248638
2016,83868529.74921611,4627836.3060827125,7.802391812643111,66199320.231830984
2017,84016437.04455191,4573567.752083695,7.799909060332115,66182404.9205344
2018,83757155.9723842,4578629.553871198,7.7864985044304325,66037676.965920135
2019,83076543.56526299,4576925.494493005,7.763871611961867,65809767.055891715
2020,81952715.72263096,4597073.546168034,7.737275936375524,65512276.567409195
2021,80441182.6709788,4615043.281826798,7.722327253402083,65275974.16066201
2022,78608796.08420487,4638967.527005072,7.704052777732479,64981727.90392747
