Ano,Precipitation (mm/day),Atmospheric Pressure(mB),Global Radiation - Daylight (Kj/m²),Air Temperature - Dry Bulb (°C),Dew Point Temperature (°C),Air Relative Humidity (%),Wind Gust (m/s),Year
2014,13.799611959283403,837.1181361267027,1153.9867910488078,15.17721885414245,11.263305197990618,80.4534036308969,1.3592072965836135,2014.0
2015,16.022032659670757,837.0837341961605,1052.7239531356045,15.586919084553339,12.69893074081483,84.84328315998627,1.8241480800641299,2015.0
2016,16.099018732179207,837.0583889445278,1120.9939589571056,15.719203240740162,12.72175875383052,81.61065833296352,1.4976060509325553,2016.0
2017,16.769377170042112,837.1389410744441,1230.5074532305746,15.466476287849908,11.363443300815113,78.78732837566592,1.1245926815084273,2017.0
2018,16.51781595838278,836.8723535829322,1221.0104625502256,15.039708785024699,12.080998854754931,85.01467418476052,1.8427633724458612,2018.0
2019,18.551006169890268,837.0683370368993,1249.5274617640075,15.432248282515873,12.67984271632347,85.42198034870631,3.005444011029302,2019.0
2020,8.807479777001548,836.9004202031273,1254.42026878954,14.965322185707862,12.304887110766893,83.81466883886287,1.4029225833720222,2020.0
2021,15.507103727019194,836.3143090652588,1225.4907580359604,14.92299616028704,10.5332059779539,76.51753062285299,1.1419477992914067,2021.0
2022,20.43182188055881,836.086489991672,769.8545499195134,14.614890972687336,10.463901213446025,78.41316885726837,1.3165214772427116,2021.9208440184723
