Ano,Espírito Santo - PIB - Estadual,Espírito Santo - PIB - Construção Civil,Espírito Santo - PIB - Per Capita,Espírito Santo - PIB - Preços de Mercado
2014,72180481.70653749,3534360.5267681526,16.602277428805902,60084902.96920812
2015,72173818.07693765,3504011.9940222693,16.47704888325155,59654840.820873
2016,72362409.08409853,3485388.463413064,16.442295949671024,59537835.22815807
2017,72749170.87100878,3492936.9813879374,16.497126469297445,59734139.81165009
2018,72962964.77143744,3509673.1580336946,16.56300271661103,59932122.452095374
2019,72336670.76438868,3535171.6250806376,16.53315374185254,59777180.6831178
2020,71579701.8075121,3549611.693472274,16.538991806787767,59713850.0245111
2021,70625876.76036444,3555014.723873486,16.597316333259535,59773681.559718125
2022,69450725.35422504,3562707.0829759007,16.663260116664677,59823924.079612255
