Ano,Estoque liquido de capital fixo - (R$)
2003,7330309.193826131
2004,7397520.947074695
2005,7462915.670155211
2006,7526671.781861113
2007,7589168.048446789
2008,7647774.392450181
2009,7700573.782692777
2010,7747984.597615046
2011,7786621.760813251
2012,7815135.384009959
2013,7833254.061482005
2014,7839143.45463983
2015,7833221.463646377
2016,7818954.81473363
2017,7798615.333559711
2018,7771953.540587035
2019,7737711.875699298
2020,7693097.069989687
2021,7637893.531466268
