Ano,Estoque liquido de capital fixo - (R$)
2014,7839143.45463983
2015,7833221.463646377
2016,7818954.81473363
2017,7798615.333559711
2018,7771953.540587035
2019,7737711.875699298
2020,7693097.069989687
2021,7637893.531466268
