Ano,Rio Grande do Sul - PIB - Estadual,Rio Grande do Sul - PIB - Construção Civil,Rio Grande do Sul - PIB - Per Capita,Rio Grande do Sul - PIB - Preços de Mercado
2014,242179718.32064772,9200345.744194645,18.727521713066423,203089893.38365126
2015,244291278.70682335,9140544.250007663,18.713367916445456,203005598.08857563
2016,245502476.00313458,9097791.273444014,18.69401886798146,202812202.8698721
2017,245710363.48620322,9054261.014531026,18.678678578944403,202608119.72894526
2018,245174212.1013134,9057400.263286196,18.664290870894,202355129.17973873
2019,243114311.44511598,9069678.781496061,18.61234835296435,201731475.42853364
2020,239539273.19644064,9051657.889063226,18.5410740835112,200825275.09543473
2021,235557230.3427276,9068546.204629775,18.52834463281089,200529961.07673052
2022,230717672.79754695,9086121.223525016,18.512721769787944,200155890.8991621
