Ano,Precipitation (mm/day),Atmospheric Pressure(mB),Global Radiation - Daylight (Kj/m²),Air Temperature - Dry Bulb (°C),Dew Point Temperature (°C),Air Relative Humidity (%),Wind Gust (m/s),Year
2014,24.78257887380856,1009.8208974480934,1192.9968224785005,20.42744809821781,15.89920595269612,77.19093973096106,1.3388790496164524,2014.0
2015,24.722731633970323,1009.5734946754807,1124.2107753129008,20.488014680145298,16.316845010732987,78.84004787759318,1.3710748593631754,2015.0
2016,25.442953999954234,1010.1692352768105,1181.9154130494298,19.576238778841887,15.522792854675238,79.29161636683128,1.470329127014807,2016.0
2017,26.90800779664385,1009.8610151241951,1211.9404228613887,20.587392545186393,16.43964906384068,79.03732003433706,1.4932294821916923,2017.0
2018,22.976635151725546,1009.9672647068547,1199.9651331760733,20.125617939181705,16.238804869074958,80.28244201358514,1.637442707009397,2018.0
2019,22.757320458727857,1009.9570245709116,1217.112646979885,20.56841736307805,16.03505717034133,77.53850412054767,1.505246887701885,2019.0
2020,23.867538126805307,1009.6794627398702,1252.0413608213628,20.030847327269523,14.824541097481466,74.3176994659213,1.533729787123363,2020.0
2021,23.461310987799646,1009.8905225531308,1244.4241757102693,19.905292058461875,14.91306615848194,75.1075148950797,1.5033888188639395,2021.0
2022,19.415147579874336,1009.8881085871722,1187.2631766385114,19.181644631066387,14.580390938856652,76.82932648553056,1.4552850695580617,2021.9208440184723
