Ano,Precipitation (mm/day),Atmospheric Pressure(mB),Global Radiation - Daylight (Kj/m²),Air Temperature - Dry Bulb (°C),Dew Point Temperature (°C),Air Relative Humidity (%),Wind Gust (m/s)
2014,22.04910779533466,1012.7879536187342,1202.4706022123805,23.235370962253402,18.867735190204296,79.53962481137339,0.7908968402019125
2015,23.113331172546854,1013.0014246613831,1202.5529636433946,22.94740793870061,18.81249715535559,80.52641082706172,0.7791734263076857
2016,23.95698237481952,1013.1675002730796,1208.4488320982946,22.622476218349743,18.570007076338282,80.75066734186684,0.7631910175979884
2017,24.00203242267481,1013.1864008364864,1206.3814672660983,22.689505071036525,18.282287038707732,78.79640139693862,0.7386099393494568
2018,24.17477784122739,1013.1857722750123,1191.2858556160024,22.749476725694354,17.99215568420487,76.11374836817258,0.7202018830874429
2019,23.938437604084992,1013.1381316520525,1179.559167889792,22.757693121782527,18.09858497367665,74.72627403115833,0.6957270520778202
2020,23.604412168787004,1012.9967574035414,1165.0384492327298,22.784244829410373,18.51771268229121,76.32315289148747,0.6722471352758607
2021,22.835402345197323,1012.9725467197874,1133.0440490816975,22.590680975708096,18.71075083953068,79.32872584204377,0.6598912209101938
2022,22.76927901922954,1013.0043231940293,1119.6469583852045,22.508433179387012,18.718367608534404,80.04706056336434,0.6616780287174825
