Ano, IPCA - Variação mensal durante o Plano Real (%)
2014,0.6074659863945578
2015,0.5537925170068027
2016,0.5025680272108843
2017,0.4075850340136054
2018,0.2932142857142857
2019,0.38107142857142856
2020,0.49164965986394554
2021,0.5287913625652177
2022,0.6203370984554519
2023,0.6318032032335481
