Ano,Mato Grosso - PIB - Estadual,Mato Grosso - PIB - Construção Civil,Mato Grosso - PIB - Per Capita,Mato Grosso - PIB - Preços de Mercado
2014,74506952.99265689,2898180.820380595,17.765376989009695,55597246.63213971
2015,75521292.80488929,2867942.7927061087,17.804826498952167,55839830.41129878
2016,76313320.83239266,2837856.1572907246,17.84427582434464,56055545.86941466
2017,76590731.20461804,2826355.198550284,17.841399103041564,56102120.87879683
2018,76765591.25551,2824324.9676263034,17.858302703968686,56180803.36097593
2019,76459881.7475012,2828969.352332703,17.84478944127938,56103499.9330252
2020,75844959.71425743,2832983.588470148,17.835879643500366,55993894.61283992
2021,73727519.22740227,2820525.588839026,17.69047102503788,55304520.94127198
2022,71192784.48636036,2804678.328092952,17.513527534354484,54468561.159530364
