Ano,Maranhão - Desemprego
2008,7.978325199980522
2009,8.007890622535697
2010,7.971707092993094
2011,7.961524449483763
2012,10.302202075702077
2013,11.189661180352678
2014,11.986520886854585
2015,12.52944228650619
2016,12.762357706578845
2017,12.4601347339377
2018,12.3188366594088
2019,12.204421302677215
2020,12.039299888435206
2021,11.842072676588446
2022,11.856801306023888
