Ano,Precipitation (mm/day),Atmospheric Pressure(mB),Global Radiation - Daylight (Kj/m²),Air Temperature - Dry Bulb (°C),Dew Point Temperature (°C),Air Relative Humidity (%),Wind Gust (m/s),Year
2014,17.118140309806286,1002.0167236305145,1578.0791848286653,28.146738436922522,20.564287781724193,65.88543013080631,2.0599829155287095,2014.0000000484597
2015,3.250496547834722,1001.9940584798579,1555.4448484806444,28.229678720859976,20.23067289381682,64.45298880220808,1.9992310018735424,2015.0000000004102
2016,28.24741591699854,1002.1428109863937,1538.3919395859527,28.245825770506816,20.70130795303158,66.26258136616107,1.8641620322210724,2016.0000000000036
2017,27.57405506126519,1001.9000867200674,1545.7944665857497,27.85632015290282,20.754481362032895,67.59648292317495,1.845616663518138,2017.0
2018,30.818796648521293,1002.4979931706633,1404.3915128012943,27.597358287898185,20.449052665528217,67.43092315921677,2.0055441160494287,2018.0
2019,30.831773305251986,1002.1611848594343,1495.7118026673782,27.68882527646194,20.63198659314588,68.04383056844323,1.8843908657261252,2019.0
2020,25.342684107930697,1001.9314032343233,1142.9011608419776,28.664318732058433,20.50927010859932,63.86061139706022,1.85582344714902,2020.0
2021,2.2907267068072463,999.9210163872154,157.44240015075545,30.840560023440275,18.961157624632587,50.385030144741016,2.548193623684337,2021.0
2022,1.7637215069572791,1001.9207922805016,1139.610267503063,27.68422835368533,20.31651127221972,61.46724060267689,2.1914937632317177,2021.9208440184723
