Ano,Precipitation (mm/day),Atmospheric Pressure(mB),Global Radiation - Daylight (Kj/m²),Air Temperature - Dry Bulb (°C),Dew Point Temperature (°C),Air Relative Humidity (%),Wind Gust (m/s),Year
2014,30.89478507936596,953.1909477674367,1380.9970374980273,23.882114320611265,16.614059429321618,67.31451574933921,3.095444558392243,2014.0
2015,33.685000227147576,953.0660246443223,1351.6443368813893,24.25256299134682,17.208957940717696,68.14158553123343,3.0408143667387306,2015.0
2016,28.43846247998345,953.6178897039626,1370.870077079163,23.58197471406957,16.898331382208507,68.25391355152267,3.0332257939225644,2016.0
2017,28.55178503834965,952.3107178235682,1394.1476463571053,23.932639936159006,16.57256800209374,67.05402166461272,3.1006391882784894,2017.0
2018,22.534560034761807,953.3427597423707,1084.0506176353713,23.78037432885971,16.367607544320744,66.52893693765914,2.8456981657721894,2018.0
2019,24.861000883225884,953.2874990683972,1229.8221437893474,24.509575053743305,16.545767868748708,64.9946060390373,2.829301297526465,2019.0
2020,34.907183177935586,953.021992040497,1440.291737982316,24.49916522544378,15.273847113288598,61.04330911625761,2.7229664489821346,2020.0
2021,28.309238905873663,952.9863157354466,1418.7189612694972,24.49847110119714,15.427297667892816,61.15757017132365,1.0559325625311564,2021.0
2022,42.37642071927026,953.3609024108567,1441.8280344953073,23.823583417334973,15.656136050241054,62.73585838284765,2.321830526316328,2021.9208440184723
