Ano,Precipitation (mm/day),Atmospheric Pressure(mB),Global Radiation - Daylight (Kj/m²),Air Temperature - Dry Bulb (°C),Dew Point Temperature (°C),Air Relative Humidity (%),Wind Gust (m/s)
2014,19.420470198173437,889.109317695415,1283.285314036268,18.788690064900848,13.989515880609913,76.22877624080058,2.141659121617283
2015,19.83421293076215,889.1204605418421,1287.84598434864,18.774989995709,14.000458839299872,76.24124777382967,2.0867527000787685
2016,19.849623864661055,889.1012418478986,1284.6784879105148,18.57038031318871,13.855280010830368,76.45395044497222,2.040880187462379
2017,20.552462549025154,889.0879876331555,1271.4372961153858,18.605288998115387,13.974130506258993,76.84511513354248,1.8081946422425286
2018,20.271295357379184,889.0600032597923,1236.7596063554336,18.662815289578905,13.908112870731392,76.49364157906426,1.5063084853712105
2019,19.52831017182198,888.9629678909523,1207.6217466873888,18.624105253018197,11.705527144951233,69.91849196367234,1.3602165906633912
2020,19.64855881929453,888.7730239834009,1155.541551782416,18.506429920314307,8.602793230822856,61.351352871380804,1.5740712716847394
2021,20.348198557787605,888.6380830095092,1092.2124169922488,18.291919873046233,8.18342487998216,61.06674397937103,1.682822479897169
2022,21.327521173596562,888.6201380301615,1071.761267635136,18.18969748878987,9.616891287648405,65.59551430933996,1.926033166991558
