Ano,Pará - PIB - Estadual,Pará - PIB - Construção Civil,Pará - PIB - Per Capita,Pará - PIB - Preços de Mercado
2014,93700476.59417439,4468711.08227841,9.571190684823376,73088479.04283959
2015,94934390.66205157,4396931.891494788,9.582866840595177,73328960.09686285
2016,95993284.0174244,4320023.92208679,9.607058973992867,73624006.24806179
2017,96810844.13030557,4313294.469669347,9.64387457236574,73974197.45003262
2018,96984953.19725578,4325702.91855767,9.654974289996831,74056611.06699046
2019,96836625.36916308,4333696.8398923725,9.669719195600374,74129217.9899291
2020,95952952.71920592,4340024.686735473,9.665505180420285,73977956.3938123
2021,93382835.58372992,4350287.565599705,9.606218935089077,73227836.34521733
2022,90304781.78899395,4362168.774798071,9.535340917808934,72323747.9358986
