Ano,População
2008,187141034.652344
2009,188840036.09637383
2010,190755799.0
2011,191989413.25635618
2012,193258203.49791336
2013,194406722.68631116
2014,195457708.66030347
2015,196433899.2586442
2016,197358032.32008722
2017,198252845.68338645
2018,199141077.18729573
2019,199985833.75
2020,201011393.1666667
2021,202036952.58333334
2022,203062512.0
