Ano,População
2014,195457708.66030347
2015,196433899.2586442
2016,197358032.32008722
2017,198252845.68338645
2018,199141077.18729573
2019,199985833.75
2020,201011393.1666667
2021,202036952.58333334
2022,203062512.0
