Ano,Roraima - PIB - Estadual,Roraima - PIB - Construção Civil,Roraima - PIB - Per Capita,Roraima - PIB - Preços de Mercado
2014,7349319.695531301,344289.7366271473,12.154910872861784,5667961.284129783
2015,7439257.98177897,340498.3564897025,12.130631287459824,5685184.983817315
2016,7513613.8385057915,340512.0387012236,12.120014409962252,5705073.927727124
2017,7560264.93979676,340005.35791734443,12.115483468178258,5723617.424583924
2018,7565390.829916128,340384.5456920989,12.089987900863003,5726484.56287206
2019,7519466.888937675,340174.81950989953,12.077845243078885,5712961.074096622
2020,7427921.883232112,340776.5848536629,12.078197035671563,5688955.672386168
2021,7252612.996730357,340641.39115366753,12.095909092308263,5643384.230357151
2022,7041849.039600415,340251.1267723755,12.115271469406775,5587542.994449749
