Ano,Precipitation (mm/day),Atmospheric Pressure(mB),Global Radiation - Daylight (Kj/m²),Air Temperature - Dry Bulb (°C),Dew Point Temperature (°C),Air Relative Humidity (%),Wind Gust (m/s)
2014,45.72565769807504,978.9882838500203,1363.50987100632,27.573990708338883,18.56828328721269,62.92823499235369,1.5109661273264796
2015,48.16219476038482,978.9838167714312,1381.824522150497,27.799695689359325,18.47201427289909,62.07097519296707,1.5314155240400582
2016,40.54252665521888,978.9577802679783,1390.6988437366924,27.680478986470956,18.34546089712195,62.0957443225275,1.5113357063801443
2017,37.98429292703079,979.0360088775955,1384.228910413698,27.536423651426574,18.412474192181108,62.734719594438026,1.476662239113976
2018,36.01221964922058,979.1172881154188,1377.6913824915694,27.54647768871324,18.670132640378906,63.33570980232139,1.4300614888501733
2019,33.81314978237496,978.9972503866026,1382.2787474493819,27.624885032085526,18.623403598607343,62.76541963923089,1.3779120361098922
2020,31.98790037816552,978.8640721646233,1376.8953120476333,27.617261893079114,18.45790698393133,62.02355017215728,1.2513043323451098
2021,30.25969036660007,978.9244090908925,1372.5115301369485,27.712743422747582,18.22343960981073,60.92706883034064,1.2227373345465038
2022,29.769218978289146,979.0061975033655,1375.9160344951745,27.794395129907574,18.022129616234228,60.17660541474162,1.2678414639812574
