Ano,Precipitation (mm/day),Atmospheric Pressure(mB),Global Radiation - Daylight (Kj/m²),Air Temperature - Dry Bulb (°C),Dew Point Temperature (°C),Air Relative Humidity (%),Wind Gust (m/s),Year
2014,36.760747931228906,979.0561929281331,1348.4544829358445,27.045839372953935,18.91915372162695,65.4858066731168,1.3720002023407467,2014.0
2015,56.10168012956778,979.1332183580872,1360.2318332723173,27.905141934283083,18.712208486257556,62.77051869029819,1.5573296690976755,2015.0
2016,48.376084408390696,979.0203557319231,1417.8311393458464,28.186288110014164,18.472264540978248,60.86537734286977,1.5329107852821062,2016.0
2017,35.71004528594122,978.9016540923577,1410.7266057375948,27.65351397192922,17.943348338245354,61.1993537137366,1.5887580698748407,2017.0
2018,33.606601015422164,979.1033919400119,1367.3854535609028,27.202246994634738,18.62560989529316,64.21228412670233,1.3347924726603562,2018.0
2019,34.03513148611218,979.2473467489673,1366.2653264212804,27.598003825366472,18.909435917141685,63.90893088949258,1.4431900735210421,2019.0
2020,34.60539068780695,978.8994460461512,1411.0366286684223,27.809023698003838,18.59528611761409,61.917462596209454,1.3759039761561083,2020.0
2021,29.362160934400883,978.7342457589258,1356.3781846251852,27.37265510476516,18.57999158641473,62.659165746111945,1.0081047755741153,2021.0
2022,28.013061879393995,979.0832368771453,1358.8859485575124,27.960697822393325,17.626770048249305,58.52369169411258,1.2579364276429137,2021.9208440184723
