Ano,IGP-DI
2008,5.071123936707313
2009,6.040326296910424
2010,6.5412371458288945
2011,6.0906248232782705
2012,5.984748981374968
2013,5.95293260648501
2014,7.080488623598588
2015,6.134044967715732
2016,4.765274329238291
2017,5.310275626876232
2018,7.216529334305507
2019,13.062917316927463
2020,14.893045332266249
2021,8.428991724541524
2022,3.9004511651552427
2023,1.8549024346347935
