Ano,Precipitation (mm/day),Atmospheric Pressure(mB),Global Radiation - Daylight (Kj/m²),Air Temperature - Dry Bulb (°C),Dew Point Temperature (°C),Air Relative Humidity (%),Wind Gust (m/s)
2014,20.010392256145664,1014.3551161942964,1389.1882747656562,26.773638719754043,19.486559628566713,67.78298802170109,2.7993808702498755
2015,18.96608768228546,1014.4065174464795,1396.5190926486405,26.83859777193395,19.5782959758678,66.4974861965459,2.216394139728409
2016,18.08698636563128,1014.355534905802,1396.3313035649373,26.770657011223843,19.675460625982126,66.45765540289536,1.9437883772012816
2017,18.116371963533737,1014.3006741797082,1352.0429451553707,26.799279482854626,19.803362905668507,66.47817796878812,2.24876831812434
2018,18.626394256969334,1014.1885748273943,1309.5653749151752,26.90132468286673,19.661310978712624,65.12985101448727,2.409893235946198
2019,19.2397783618362,1014.0540240182359,1312.4245117907487,26.912622581312515,18.04989395263538,61.28149631926152,2.441780346383384
2020,19.018643043343978,1014.6079429358842,1340.6724069554382,26.89644191539752,16.666837466888907,58.94441013083892,2.4330430552589912
2021,19.325159717816124,1015.158296527651,1368.237269837164,26.8211900367175,16.635910364008645,59.13679394831087,2.4243205371014915
2022,19.585864415970914,1015.2090222187771,1389.6921352820555,26.758169374574766,16.802998403269466,59.05380231236607,2.4276582941175135
