Ano,Precipitation (mm/day),Atmospheric Pressure(mB),Global Radiation - Daylight (Kj/m²),Air Temperature - Dry Bulb (°C),Dew Point Temperature (°C),Air Relative Humidity (%),Wind Gust (m/s),Year
2014,33.6906786249961,979.7614079728688,1288.269918182663,26.26684515350391,22.37731030664007,80.92651184679768,1.355467679827748,2014.0
2015,31.83957372859672,991.8111740701726,1279.09045156908,27.18763964628717,22.541944550735476,77.85810497165696,1.3463158157875201,2015.0
2016,33.66867998797377,994.6377913842624,1359.0940753105288,26.44865827084874,22.01301839429161,79.13040458656704,1.297957081750692,2016.0
2017,31.249720328750563,995.950642651295,1344.635431582849,26.946059997734505,21.571744237340326,75.56935194968037,1.474254745235836,2017.0
2018,41.57365441840489,998.3598179259587,1353.5156638406959,26.5293860556536,21.532575107665053,76.59632603861441,1.474638334233102,2018.0
2019,17.41290908249687,1000.9739936947032,1338.1627594529368,26.270875541698548,21.643359868461317,77.69254037867242,0.7997021829391077,2019.0
2020,19.668860569247954,998.9189265676335,1527.5559560412469,25.56986141851608,22.576155433414215,82.09240375993484,1.0419740201236702,2020.0
2021,44.743438089273695,999.1176074827167,1564.600911565535,25.580688068891288,23.359689257460598,84.7635739497213,1.8747622467692888,2021.0
2022,37.82146223497047,1000.8382348402359,1439.0913702313103,26.405941194147587,21.612886853647524,81.70605840996046,1.7969487380525686,2021.9208440184723
