Ano,anhã-03o - Produção de Cimento (t)
2008,352.16487877234755
2009,363.707505972512
2010,424.0528598378236
2011,558.9961709330518
2012,688.1696382065214
2013,719.2084960928682
2014,687.2038817777262
2015,630.565433880121
2016,538.1704456785882
2017,440.49015375709655
2018,379.2242671373239
2019,358.62807641783
2020,359.1506045448529
2021,369.0646017915928
2022,376.89174700699516
