Ano,Precipitation (mm/day),Atmospheric Pressure(mB),Global Radiation - Daylight (Kj/m²),Air Temperature - Dry Bulb (°C),Dew Point Temperature (°C),Air Relative Humidity (%),Wind Gust (m/s),Year
2014,20.79954494132057,1014.450610720129,1348.523680332553,26.678102307016758,16.988183393087024,64.39045560583475,2.939131356223021,2014.0
2015,21.15839520642806,1014.4908640438542,1365.375631045117,26.83646789282176,20.271008241852446,68.17599613370433,2.7649431293737927,2015.0
2016,15.646599029194725,1014.5684297153404,1420.9857271668518,26.99997345126097,19.676048242884622,64.8040354605952,1.1421239324666026,2016.0
2017,19.439125572301894,1014.3669139963835,1367.2474837095351,26.651199195026607,19.706393258020096,66.27972637968092,1.1892762159924555,2017.0
2018,14.958343591170404,1014.208497137579,1407.4517779863143,26.80320866725492,19.82250043993906,66.22727653557156,2.6472888847839413,2018.0
2019,22.044718095156828,1014.1108611238518,1152.9829372219117,27.066870866399444,19.834032696028135,64.35813053107195,2.550957659584263,2019.0
2020,18.258303275820243,1013.8730748138536,1342.9290384417566,26.877440232212592,18.697907151168888,61.63254540356485,2.4458126739598005,2020.0
2021,19.99290130338556,1014.3261861773436,1357.2697434122576,26.911205168979,12.347938720014126,52.77140286522035,2.4778242390154,2021.0
2022,20.515881731232334,1016.5404323536619,1626.7212869793113,26.7129431314971,17.324062098719335,58.57821594832175,2.344815641517737,2021.9208440184723
