Ano,Precipitation (mm/day),Atmospheric Pressure(mB),Global Radiation - Daylight (Kj/m²),Air Temperature - Dry Bulb (°C),Dew Point Temperature (°C),Air Relative Humidity (%),Wind Gust (m/s)
2014,20.011017911138698,1014.3551009168729,1387.649322154419,26.773590963057206,19.486571482679228,67.78307126103607,2.7993750802824753
2015,18.966436283945352,1014.406509266414,1395.69457302359,26.838572166169005,19.57830231526947,66.4975307850947,2.216390717539902
2016,18.087189921490225,1014.355530520476,1395.8897699135703,26.770643292507703,19.675464027146205,66.45767930532647,1.9437864790639405
2017,18.116474903487784,1014.3006718300443,1351.8061964119267,26.799272130865603,19.803364727358577,66.4781907751355,2.248767364102967
2018,18.626443002225635,1014.188573568214,1309.4385485263285,26.901320743064463,19.66131195507971,65.12985787775553,2.409892781428308
2019,19.239801637277186,1014.0540233434608,1312.356537834227,26.91262047007879,18.049894475841842,61.281499997056294,2.4417801014383307
2020,18.960355212414633,1014.6079425742897,1354.7731728160422,26.896440784014782,16.666837747259517,58.94441210170515,2.433042926815937
2021,19.10681903360709,1015.15829630306,1418.8062338668406,26.821189334011333,16.635910538152647,59.13679517243525,2.4243204558661016
2022,19.227078144494655,1015.2090220258614,1459.3829514178967,26.75816877097129,16.80299855285183,59.05380336384624,2.427658225008773
