Ano,Alagoas - IDH
2008,0.6553542157227117
2009,0.6581044737018915
2010,0.6604498830683831
2011,0.6624010349219843
2012,0.6638731622895624
2013,0.6649459258136926
2014,0.666358086298167
2015,0.6663879268230142
2016,0.6780513728385851
2017,0.6778742249148201
2018,0.6777718817252583
2019,0.6767511437002818
2020,0.6758194294912165
2021,0.6741666503540544
2022,0.6732727094771502
