Ano,Precipitation (mm/day),Atmospheric Pressure(mB),Global Radiation - Daylight (Kj/m²),Air Temperature - Dry Bulb (°C),Dew Point Temperature (°C),Air Relative Humidity (%),Wind Gust (m/s)
2014,21.963482717948036,1015.8725261944834,1152.3197904925348,21.39754317598076,17.33161672889678,78.73061327754816,1.252237596530516
2015,21.81381654308213,1015.9509984570623,1142.7083541334416,21.308543938445972,17.1383955182729,78.23761156451462,1.5409367145021955
2016,22.0234954717093,1016.0492215889727,1167.1454175255712,21.317634248536347,16.960969191547093,77.36440396920023,1.7639652591761958
2017,21.80186443131015,1016.0302348699242,1163.9038416564947,21.473728444679168,17.031651869067044,76.96720082352988,1.8723433754288943
2018,20.118574594149443,1016.068236814473,1174.8697957692339,21.49703764625733,16.86570174252101,76.09658336074175,1.9572427528246414
2019,19.71845158981892,1016.0712174775416,1182.0709433190307,21.34888477423588,16.633932969555275,75.70749919557143,1.9420275579554633
2020,19.47636684712762,1015.9958061333772,1174.204399014127,21.16488435860749,16.49986142381449,75.91411212551183,1.808725638194564
2021,18.9865107370304,1016.0107885485503,1173.553772009912,20.928697491823304,16.284921410569275,75.9861744136473,1.724013833925241
2022,19.42049531128294,1016.0541265737666,1175.9593485656037,20.78416300178411,16.147783026592084,76.0193810380084,1.711896525371283
