Ano,Precipitation (mm/day),Atmospheric Pressure(mB),Global Radiation - Daylight (Kj/m²),Air Temperature - Dry Bulb (°C),Dew Point Temperature (°C),Air Relative Humidity (%),Wind Gust (m/s),Year
2014,21.938686547876753,1016.0867960413594,1207.584150049458,21.687354003351583,17.560127613101905,78.48422777806606,0.8699864593335268,2014.0
2015,21.991987413699107,1015.6726851975126,1082.1483384211188,21.678520209492657,17.894377397358536,80.09853631505867,1.1674177496392142,2015.0
2016,22.606188744314725,1016.0856463020335,1156.1383256036654,20.86225812724812,16.429110386995145,76.9924511218295,1.9191055396611745,2016.0
2017,21.820660100556374,1016.2801505938725,1182.90917119763,21.59870140517803,17.096923022950335,76.69080822950302,2.0389899427203733,2017.0
2018,22.34066751571767,1015.9809517775594,1170.931123886911,21.421637863215807,16.894453971219015,76.56318931238764,1.9442591209803588,2018.0
2019,17.602181579490388,1016.1080292600333,1158.4965806727446,21.738249696330538,17.03776523365256,75.73469084049556,2.0889862119422467,2019.0
2020,18.12028566171732,1016.0090291147877,1209.2201102954598,21.2336312701838,16.254565696181785,74.52938224161987,2.0074548771086804,2020.0
2021,20.455684001520606,1016.1283981779446,1169.8378267659152,20.89657107787306,16.316014589506864,76.28460038969747,1.5956385803606923,2021.0
2022,18.456476663313165,1015.960202238518,1164.297478262494,20.53447671220292,15.9272974595724,76.12741685352312,1.6043938390925845,2021.9208440184723
