Ano,Amazonas - PIB - Estadual,Amazonas - PIB - Construção Civil,Amazonas - PIB - Per Capita,Amazonas - PIB - Preços de Mercado
2014,54871066.557724476,2472487.1553467065,12.35911602616782,44128236.32504803
2015,55276571.91769078,2446996.1272940994,12.336146867536584,44114405.23325801
2016,55619967.87257329,2436679.9678162397,12.339032269686298,44166889.06324488
2017,55811509.70368513,2432227.154994185,12.358278815928173,44248024.842642404
2018,55851577.179964736,2441181.5383372856,12.3815811079075,44307895.45344113
2019,55598171.518561296,2458407.733926431,12.387236323448588,44292175.01703816
2020,54991131.96298135,2476121.0651891744,12.382492526505667,44185871.715560585
2021,54020920.98887213,2486958.860864038,12.396810477213775,44055053.50882462
2022,52844051.53549828,2500010.9244047604,12.412849941926426,43886691.71221306
