Ano,Precipitation (mm/day),Atmospheric Pressure(mB),Global Radiation - Daylight (Kj/m²),Air Temperature - Dry Bulb (°C),Dew Point Temperature (°C),Air Relative Humidity (%),Wind Gust (m/s),Year
2014,37.650760398380044,1004.5449919575964,1255.275109179706,27.662108900650832,22.497570178952017,75.22389580518755,1.51503422467945,2014.0
2015,37.03711711612507,1004.5162650821261,1302.6699972100162,28.513817060829922,22.28010223105063,70.97081211286202,1.5960051055770446,2015.0
2016,39.947670649661994,1004.7172977968579,1263.9570256698278,28.222160895549,22.58632554739331,73.03398511262638,1.4897478069955092,2016.0
2017,40.6334349416214,1004.5707887468019,1236.7791035850894,27.784768237012916,22.5105814098463,74.51866631975172,1.4053136522033982,2017.0
2018,37.41975409240317,1004.8491460950341,1209.0083283771944,27.746566531964003,22.302567737510497,73.8652985721357,1.3677865532417144,2018.0
2019,44.10509108656286,1004.9002368101616,1176.1655493738992,27.80195046822539,22.218865843679172,73.18966644360538,1.34959397822042,2019.0
2020,45.08940911872342,1004.7209583129111,1108.9285393689413,27.803715153657194,22.482839836698314,74.5615987380916,1.2919096649619604,2020.0
2021,39.79279576971001,1004.7904354091547,1045.1089284568386,27.246564772692057,22.496631113836838,76.74609805194666,1.2831495665546095,2021.0
2022,38.85742247900371,1004.4935912076662,1065.7097669259824,27.643367357877278,22.065098271375692,73.38634277734467,1.2957245298926254,2021.9208440184723
