Ano,Tocantins - PIB - Estadual,Tocantins - PIB - Construção Civil,Tocantins - PIB - Per Capita,Tocantins - PIB - Preços de Mercado
2014,19454605.01138493,1234495.4218660607,10.702690432953336,23013224.352393396
2015,19715438.089469306,1239338.0775501044,10.728748975833192,23248250.1083597
2016,19891995.324615203,1246861.7610110326,10.74632465497041,23477863.773530502
2017,19981956.741382327,1262231.3415159052,10.764439166374789,23716817.081230164
2018,19968974.61989828,1273955.5349886473,10.766723955133749,23941660.37914466
2019,19875891.738978773,1284681.7806525514,10.76242864133936,24181452.34341488
2020,19608655.44744585,1299452.0727747355,10.729157552359883,24391927.90517209
2021,19117629.093204305,1323080.4185864232,10.676667410623157,24579200.330760423
2022,18527308.427373,1348818.984388131,10.61211360089997,24775395.193309583
