Ano,Precipitation (mm/day),Atmospheric Pressure(mB),Global Radiation - Daylight (Kj/m²),Air Temperature - Dry Bulb (°C),Dew Point Temperature (°C),Air Relative Humidity (%),Wind Gust (m/s),Year
2014,21.824645579351895,1013.0591082187883,1273.757988518272,23.689497237254738,18.356561729105398,75.64780024530774,0.8005698952251638,2014.0
2015,20.886571851336445,1012.463751866257,1174.2348814575741,23.33744696732026,19.273941708160102,80.81156138225327,0.7574641267565001,2015.0
2016,24.145305238014608,1013.1684154508163,1206.9157730626494,22.698588520345737,18.622955163117307,80.65911178463921,0.776535680172448,2016.0
2017,24.492520777279687,1013.5777508528171,1224.3199235447148,22.028367562859103,18.372188157708496,82.89178878934821,0.7527678578072452,2017.0
2018,24.21523354788119,1013.1656203333638,1190.1028898484149,22.890994325118672,18.05897921593656,76.15914733861588,0.7065496545175304,2018.0
2019,25.393541968784618,1013.1358010533085,1187.693503765272,22.720634340386912,17.420553158261765,74.28618776795663,0.69529293117792,2019.0
2020,23.58480732496051,1013.1163513195617,1166.2276547713889,22.965889586505927,18.43133242206602,70.93490531438431,0.6858394433734404,2020.0
2021,21.693702123320264,1012.9886913774877,1145.158358336018,22.615209637476436,18.682219577089764,77.86220558338336,0.6267356897213727,2021.0
2022,23.07202353571982,1012.9010004597527,1086.6900819910693,22.366986751945472,19.1146065320773,84.2495323519528,0.648350279028705,2021.9208440184723
