Ano,São Paulo - PIB - Estadual,São Paulo - PIB - Construção Civil,São Paulo - PIB - Per Capita,São Paulo - PIB - Preços de Mercado
2014,1197826309.5656452,47354349.11679839,24.001434217041968,1003012298.6339333
2015,1206908784.1297653,46893355.66697188,23.951007674549853,1001921684.6217095
2016,1212819145.8663552,46509785.46040234,23.922374724767042,1001305154.982932
2017,1214213262.5789945,46325371.599349715,23.91073270279053,1000929035.7659045
2018,1211766386.6565664,46290300.20182891,23.902107532422296,1000150957.3953651
2019,1204757184.0384598,46358898.959503956,23.89587693714402,999236444.4912002
2020,1190467558.594783,46554134.72686777,23.874352079235994,996967125.2846129
2021,1171137051.6755404,46817153.64445695,23.90323974800481,995982341.5037926
2022,1147641558.3096585,47134210.182437986,23.936645318153023,994641855.9885861
